{
	"credit": "Made with Blockbench",
	"parent": "potion",
	"textures": {
		"0": "item/cuptexture",
		"particle": "item/cuptexture"
	},
	"elements": [
		{
			"name": "north",
			"from": [6, 0, 5],
			"to": [11, 6, 6],
			"faces": {
				"north": {"uv": [1, 0, 6, 6], "texture": "#0"},
				"east": {"uv": [0, 0, 1, 6], "texture": "#0"},
				"south": {"uv": [0, 6, 5, 12], "texture": "#0"},
				"west": {"uv": [0, 0, 1, 6], "texture": "#0"},
				"up": {"uv": [5, 7, 10, 8], "texture": "#0"},
				"down": {"uv": [5, 6, 10, 7], "texture": "#0"}
			}
		},
		{
			"name": "east",
			"from": [10, 0, 6],
			"to": [11, 6, 11],
			"faces": {
				"north": {"uv": [0.25, 0.25, 0.75, 0.75], "texture": "#0"},
				"east": {"uv": [1.25, 0.25, 1.75, 0.75], "texture": "#0"},
				"south": {"uv": [2.25, 0.25, 2.75, 0.75], "texture": "#0"},
				"west": {"uv": [3.25, 0.25, 3.75, 0.75], "texture": "#0"},
				"up": {"uv": [4.25, 0.25, 4.75, 0.75], "texture": "#0"},
				"down": {"uv": [5.25, 0.25, 5.75, 0.75], "texture": "#0"}
			}
		},
		{
			"name": "south",
			"from": [5, 0, 10],
			"to": [10, 6, 11],
			"faces": {
				"north": {"uv": [1, 0, 6, 6], "texture": "#0"},
				"east": {"uv": [0, 0, 1, 6], "texture": "#0"},
				"south": {"uv": [0, 6, 5, 12], "texture": "#0"},
				"west": {"uv": [0, 0, 1, 6], "texture": "#0"},
				"up": {"uv": [5, 7, 10, 8], "texture": "#0"},
				"down": {"uv": [5, 6, 10, 7], "texture": "#0"}
			}
		},
		{
			"name": "west",
			"from": [5, 0, 5],
			"to": [6, 6, 10],
			"faces": {
				"north": {"uv": [0, 0, 1, 6], "texture": "#0"},
				"east": {"uv": [0, 6, 5, 12], "texture": "#0"},
				"south": {"uv": [1, 0, 2, 6], "texture": "#0"},
				"west": {"uv": [2, 0, 7, 6], "texture": "#0"},
				"up": {"uv": [5, 6, 6, 11], "texture": "#0"},
				"down": {"uv": [6, 6, 7, 11], "texture": "#0"}
			}
		},
		{
			"name": "bottom",
			"from": [6, 0, 6],
			"to": [10, 1, 10],
			"faces": {
				"north": {"uv": [0, 0, 5, 1], "texture": "#0"},
				"east": {"uv": [0, 11, 4, 12], "texture": "#0"},
				"south": {"uv": [0, 10, 5, 11], "texture": "#0"},
				"west": {"uv": [0, 9, 4, 10], "texture": "#0"},
				"up": {"uv": [0, 5, 5, 9], "texture": "#0"},
				"down": {"uv": [0, 1, 5, 5], "texture": "#0"}
			}
		},
		{
			"name": "handletop",
			"from": [11, 5, 7],
			"to": [13, 6, 9],
			"faces": {
				"north": {"uv": [0, 0, 2, 1], "texture": "#0"},
				"east": {"uv": [0, 0, 2, 1], "texture": "#0"},
				"south": {"uv": [0, 0, 2, 1], "texture": "#0"},
				"west": {"uv": [0, 0, 2, 1], "texture": "#0"},
				"up": {"uv": [0, 0, 2, 2], "texture": "#0"},
				"down": {"uv": [0, 0, 2, 2], "texture": "#0"}
			}
		},
		{
			"name": "handleback",
			"from": [12, 1, 7],
			"to": [13, 5, 9],
			"faces": {
				"north": {"uv": [0, 0, 1, 4], "texture": "#0"},
				"east": {"uv": [0, 0, 2, 4], "texture": "#0"},
				"south": {"uv": [0, 0, 1, 4], "texture": "#0"},
				"west": {"uv": [0, 0, 2, 4], "texture": "#0"},
				"up": {"uv": [0, 0, 1, 2], "texture": "#0"},
				"down": {"uv": [0, 0, 1, 2], "texture": "#0"}
			}
		},
		{
			"name": "handlebottom",
			"from": [11, 1, 7],
			"to": [12, 2, 9],
			"faces": {
				"north": {"uv": [0, 0, 1, 1], "texture": "#0"},
				"east": {"uv": [0, 0, 2, 1], "texture": "#0"},
				"south": {"uv": [0, 0, 1, 1], "texture": "#0"},
				"west": {"uv": [0, 0, 2, 1], "texture": "#0"},
				"up": {"uv": [0, 0, 1, 2], "texture": "#0"},
				"down": {"uv": [0, 0, 1, 2], "texture": "#0"}
			}
		}
	],
	"display": {
		"thirdperson_righthand": {
			"rotation": [70, 0, 0],
			"translation": [-4.5, 1.75, 3.25],
			"scale": [0.75, 0.75, 0.75]
		},
		"thirdperson_lefthand": {
			"rotation": [70, 0, 0],
			"translation": [-4.75, 0.25, 4.5],
			"scale": [-1, 1, 1]
		},
		"firstperson_righthand": {
			"rotation": [25.81, -60.3, 15.8],
			"translation": [0.5, 4.25, -1.25],
			"scale": [0.8, 0.8, 0.8]
		},
		"firstperson_lefthand": {
			"rotation": [-136.81, 59.66, 144.22],
			"translation": [-0.25, 5.25, -0.5],
			"scale": [0.8, 0.8, 0.8]
		},
		"ground": {
			"translation": [0, 4, 0]
		},
		"gui": {
			"rotation": [21.25, -15, 0],
			"translation": [-0.75, 6.75, 0],
			"scale": [1.5, 1.5, 1.5]
		},
		"head": {
			"translation": [0, 14.25, 0]
		},
		"fixed": {
			"translation": [0, 6.75, -1.25],
			"scale": [1.3, 1.3, 1.3]
		}
	}
}