{
	"credit": "Made with Blockbench",
	"textures": {
		"0": "item/main_barrel",
		"1": "item/tap",
		"particle": "item/main_barrel"
	},
	"elements": [
		{
			"name": "bottom",
			"from": [4, 0, 0],
			"to": [12, 1, 16],
			"faces": {
				"north": {"uv": [5, 8.75, 7, 9], "texture": "#0"},
				"east": {"uv": [0, 5.75, 4, 6], "texture": "#0"},
				"south": {"uv": [2, 6.25, 4, 6.5], "texture": "#0"},
				"west": {"uv": [4, 5.75, 8, 6], "texture": "#0"},
				"up": {"uv": [0, 6, 2, 10], "texture": "#0"},
				"down": {"uv": [0, 6, 2, 10], "texture": "#0"}
			}
		},
		{
			"name": "bottom_first_step",
			"from": [3, 1, 0],
			"to": [13, 2, 16],
			"faces": {
				"north": {"uv": [4.75, 8.5, 7.25, 8.75], "texture": "#0"},
				"east": {"uv": [0, 5.75, 4, 6], "texture": "#0"},
				"south": {"uv": [2, 6.25, 4.5, 6.5], "texture": "#0"},
				"west": {"uv": [4, 5.75, 8, 6], "texture": "#0"},
				"up": {"uv": [0, 0, 2.5, 4], "texture": "#0"},
				"down": {"uv": [0, 0, 2.5, 4], "texture": "#0"}
			}
		},
		{
			"name": "middle",
			"from": [2, 2, 0],
			"to": [14, 10, 16],
			"faces": {
				"north": {"uv": [4.5, 6.5, 7.5, 8.5], "texture": "#0"},
				"east": {"uv": [0, 4, 4, 6], "texture": "#0"},
				"south": {"uv": [6, 0, 9, 2], "texture": "#0"},
				"west": {"uv": [4, 4, 8, 6], "texture": "#0"},
				"up": {"uv": [3, 4, 0, 0], "texture": "#0"},
				"down": {"uv": [6, 0, 3, 4], "texture": "#0"}
			}
		},
		{
			"name": "top_first_step",
			"from": [3, 10, 0],
			"to": [13, 11, 16],
			"faces": {
				"north": {"uv": [4.75, 6.25, 7.25, 6.5], "texture": "#0"},
				"east": {"uv": [0, 5.75, 4, 6], "texture": "#0"},
				"south": {"uv": [2, 6.25, 4.5, 6.5], "texture": "#0"},
				"west": {"uv": [4, 5.75, 8, 6], "texture": "#0"},
				"up": {"uv": [0, 0.25, 2.5, 4.25], "texture": "#0"},
				"down": {"uv": [0, 0, 2.5, 4], "texture": "#0"}
			}
		},
		{
			"name": "top",
			"from": [4, 11, 0],
			"to": [12, 12, 16],
			"faces": {
				"north": {"uv": [5, 6, 7, 6.25], "texture": "#0"},
				"east": {"uv": [0, 5.75, 4, 6], "texture": "#0"},
				"south": {"uv": [2, 6, 4, 6.25], "texture": "#0"},
				"west": {"uv": [4, 5.75, 8, 6], "texture": "#0"},
				"up": {"uv": [8, 2, 10, 6], "texture": "#0"},
				"down": {"uv": [8, 2, 10, 6], "texture": "#0"}
			}
		},
		{
			"name": "tap_body",
			"from": [7, 3, -3],
			"to": [9, 4, 0],
			"faces": {
				"north": {"uv": [0, 0, 2, 1], "texture": "#1"},
				"east": {"uv": [0, 0, 3, 1], "texture": "#1"},
				"south": {"uv": [0, 0, 2, 1], "texture": "#1"},
				"west": {"uv": [0, 0, 3, 1], "texture": "#1"},
				"up": {"uv": [0, 0, 2, 3], "texture": "#1"},
				"down": {"uv": [0, 0, 2, 3], "texture": "#1"}
			}
		},
		{
			"name": "tap_handle",
			"from": [7, 4, -2],
			"to": [9, 5, -1],
			"faces": {
				"north": {"uv": [0.25, 0.25, 0.75, 0.75], "texture": "#1"},
				"east": {"uv": [1.25, 0.25, 1.75, 0.75], "texture": "#1"},
				"south": {"uv": [2.25, 0.25, 2.75, 0.75], "texture": "#1"},
				"west": {"uv": [3.25, 0.25, 3.75, 0.75], "texture": "#1"},
				"up": {"uv": [4.25, 0.25, 4.75, 0.75], "texture": "#1"},
				"down": {"uv": [5.25, 0.25, 5.75, 0.75], "texture": "#1"}
			}
		}
	],
	"display": {
		"thirdperson_righthand": {
			"rotation": [77.39, 40.83, -6.52],
			"translation": [-1.25, 1.5, 0],
			"scale": [0.5, 0.5, 0.5]
		},
		"thirdperson_lefthand": {
			"rotation": [61.96, 25.5, 2.31],
			"translation": [-1, 1, -0.75],
			"scale": [0.5, 0.5, 0.5]
		},
		"firstperson_righthand": {
			"rotation": [43.57, 66.02, -41.77],
			"translation": [2.5, 2, 0],
			"scale": [0.5, 0.5, 0.5]
		},
		"firstperson_lefthand": {
			"rotation": [-180, 89.25, 180],
			"translation": [3, 3.25, 0],
			"scale": [0.5, 0.5, 0.5]
		},
		"ground": {
			"translation": [0, 2, 0],
			"scale": [0.7, 0.7, 0.7]
		},
		"gui": {
			"rotation": [180, -13, 180],
			"translation": [0, 1.75, 0]
		},
		"head": {
			"translation": [0, -6, 0],
			"scale": [1.5, 1.5, 1.5]
		},
		"fixed": {
			"translation": [0, 1.75, 0]
		}
	}
}